planta,codigo,area_importada_m2,situacao
1º andar,A10-A,65.7,CONFERIR PDF ANTES DE PUBLICAR
1º andar,X5,65.5,CONFERIR PDF ANTES DE PUBLICAR
1º andar,X6,27.5,CONFERIR PDF ANTES DE PUBLICAR
1º andar,F5,68,CONFERIR PDF ANTES DE PUBLICAR
1º andar,F1,44,CONFERIR PDF ANTES DE PUBLICAR
2º andar,Z5,18,CONFERIR PDF ANTES DE PUBLICAR
2º andar,Z3,15,CONFERIR PDF ANTES DE PUBLICAR
2º andar,Z2,15,CONFERIR PDF ANTES DE PUBLICAR
2º andar,Z8,18,CONFERIR PDF ANTES DE PUBLICAR
2º andar,Z6,15,CONFERIR PDF ANTES DE PUBLICAR
2º andar,Z1,40,CONFERIR PDF ANTES DE PUBLICAR
2º andar,Z4,18,CONFERIR PDF ANTES DE PUBLICAR
2º andar,Z7,9,CONFERIR PDF ANTES DE PUBLICAR
2º andar,O2,9,CONFERIR PDF ANTES DE PUBLICAR
2º andar,N2,36,CONFERIR PDF ANTES DE PUBLICAR
2º andar,M2,54,CONFERIR PDF ANTES DE PUBLICAR
2º andar,M1/L2,54,CONFERIR PDF ANTES DE PUBLICAR
2º andar,O1,36,CONFERIR PDF ANTES DE PUBLICAR
2º andar,O4,9,CONFERIR PDF ANTES DE PUBLICAR
2º andar,L1,108,CONFERIR PDF ANTES DE PUBLICAR
2º andar,O6,9,CONFERIR PDF ANTES DE PUBLICAR
2º andar,O8,9,CONFERIR PDF ANTES DE PUBLICAR
2º andar,O3,36,CONFERIR PDF ANTES DE PUBLICAR
2º andar,N4,30,CONFERIR PDF ANTES DE PUBLICAR
2º andar,N1,36,CONFERIR PDF ANTES DE PUBLICAR
2º andar,M4,48,CONFERIR PDF ANTES DE PUBLICAR
2º andar,M3,30,CONFERIR PDF ANTES DE PUBLICAR
2º andar,L4,60,CONFERIR PDF ANTES DE PUBLICAR
2º andar,O10,18,CONFERIR PDF ANTES DE PUBLICAR
2º andar,N14,30,CONFERIR PDF ANTES DE PUBLICAR
2º andar,O3-1,24,CONFERIR PDF ANTES DE PUBLICAR
2º andar,K1,12,CONFERIR PDF ANTES DE PUBLICAR
2º andar,O14,9,CONFERIR PDF ANTES DE PUBLICAR
2º andar,L3/K4,54,CONFERIR PDF ANTES DE PUBLICAR
2º andar,K3,12,CONFERIR PDF ANTES DE PUBLICAR
2º andar,O5,30,CONFERIR PDF ANTES DE PUBLICAR
2º andar,K5,12,CONFERIR PDF ANTES DE PUBLICAR
2º andar,N3,42,CONFERIR PDF ANTES DE PUBLICAR
2º andar,M6,35.5,CONFERIR PDF ANTES DE PUBLICAR
2º andar,L6,31.5,CONFERIR PDF ANTES DE PUBLICAR
2º andar,M5,31.5,CONFERIR PDF ANTES DE PUBLICAR
2º andar,L5,15,CONFERIR PDF ANTES DE PUBLICAR
2º andar,K6,18,CONFERIR PDF ANTES DE PUBLICAR
2º andar,O20,9,CONFERIR PDF ANTES DE PUBLICAR
2º andar,O25,30,CONFERIR PDF ANTES DE PUBLICAR
2º andar,N16,21,CONFERIR PDF ANTES DE PUBLICAR
2º andar,K7,15,CONFERIR PDF ANTES DE PUBLICAR
2º andar,N7,9,CONFERIR PDF ANTES DE PUBLICAR
2º andar,N5,9,CONFERIR PDF ANTES DE PUBLICAR
2º andar,O22,9,CONFERIR PDF ANTES DE PUBLICAR
2º andar,O24,9,CONFERIR PDF ANTES DE PUBLICAR
2º andar,K9,18,CONFERIR PDF ANTES DE PUBLICAR
2º andar,N17,18,CONFERIR PDF ANTES DE PUBLICAR
2º andar,M7,,CONFERIR PDF ANTES DE PUBLICAR
2º andar,K11,12,CONFERIR PDF ANTES DE PUBLICAR
2º andar,P1,9,CONFERIR PDF ANTES DE PUBLICAR
2º andar,P2,12,CONFERIR PDF ANTES DE PUBLICAR
2º andar,RESERVADO-SN,,CONFERIR PDF ANTES DE PUBLICAR
2º andar,O16,9,CONFERIR PDF ANTES DE PUBLICAR
2º andar,O18,9,CONFERIR PDF ANTES DE PUBLICAR
2º andar,N15,15,CONFERIR PDF ANTES DE PUBLICAR
2º andar,N6,15,CONFERIR PDF ANTES DE PUBLICAR
2º andar,N9,9,CONFERIR PDF ANTES DE PUBLICAR
2º andar,M10,9,CONFERIR PDF ANTES DE PUBLICAR
2º andar,M8,9,CONFERIR PDF ANTES DE PUBLICAR
2º andar,N11,9,CONFERIR PDF ANTES DE PUBLICAR
2º andar,M14,9,CONFERIR PDF ANTES DE PUBLICAR
2º andar,M12,9,CONFERIR PDF ANTES DE PUBLICAR
2º andar,L10,9,CONFERIR PDF ANTES DE PUBLICAR
2º andar,L8,9,CONFERIR PDF ANTES DE PUBLICAR
2º andar,M9,9,CONFERIR PDF ANTES DE PUBLICAR
2º andar,L14/L12,,CONFERIR PDF ANTES DE PUBLICAR
2º andar,L7,9,CONFERIR PDF ANTES DE PUBLICAR
2º andar,K10,9,CONFERIR PDF ANTES DE PUBLICAR
2º andar,K8,9,CONFERIR PDF ANTES DE PUBLICAR
2º andar,L9,9,CONFERIR PDF ANTES DE PUBLICAR
2º andar,K14,9,CONFERIR PDF ANTES DE PUBLICAR
2º andar,K12,9,CONFERIR PDF ANTES DE PUBLICAR
2º andar,N13,9,CONFERIR PDF ANTES DE PUBLICAR
2º andar,M16,9,CONFERIR PDF ANTES DE PUBLICAR
2º andar,L16,9,CONFERIR PDF ANTES DE PUBLICAR
2º andar,M13,9,CONFERIR PDF ANTES DE PUBLICAR
2º andar,L22,9,CONFERIR PDF ANTES DE PUBLICAR
2º andar,L20,9,CONFERIR PDF ANTES DE PUBLICAR
2º andar,M11/L18,,CONFERIR PDF ANTES DE PUBLICAR
2º andar,L11,9,CONFERIR PDF ANTES DE PUBLICAR
2º andar,K16,9,CONFERIR PDF ANTES DE PUBLICAR
2º andar,K18,9,CONFERIR PDF ANTES DE PUBLICAR
2º andar,L25,9,CONFERIR PDF ANTES DE PUBLICAR
2º andar,K17,9,CONFERIR PDF ANTES DE PUBLICAR
2º andar,L23,9,CONFERIR PDF ANTES DE PUBLICAR
2º andar,L24,9,CONFERIR PDF ANTES DE PUBLICAR
2º andar,L26,9,CONFERIR PDF ANTES DE PUBLICAR
2º andar,L27,9,CONFERIR PDF ANTES DE PUBLICAR
2º andar,K19,9,CONFERIR PDF ANTES DE PUBLICAR
2º andar,L28,9,CONFERIR PDF ANTES DE PUBLICAR
2º andar,L29,9,CONFERIR PDF ANTES DE PUBLICAR
2º andar,K20,9,CONFERIR PDF ANTES DE PUBLICAR
2º andar,P3,9,CONFERIR PDF ANTES DE PUBLICAR
2º andar,P4,6,CONFERIR PDF ANTES DE PUBLICAR
2º andar,K6-1,,CONFERIR PDF ANTES DE PUBLICAR
